青山耕平,http://www.81produce.co.jp/list.cgi?man+0105716115030
秋吉徹,http://www.81produce.co.jp/list.cgi?man+0112752235050
あぜち守,http://www.81produce.co.jp/list.cgi?man+0124326165830
井口成人,http://www.81produce.co.jp/list.cgi?man+0000004183520
伊崎寿克,http://www.81produce.co.jp/list.cgi?man+0221125221750
石川光太郎,http://www.81produce.co.jp/list.cgi?man+0222119115030
石野竜三,http://www.81produce.co.jp/list.cgi?man+0222458273030
伊東健人,http://www.81produce.co.jp/list.cgi?man+0235031495350
青山耕平,http://www.81produce.co.jp/list.cgi?man+0105716115030
秋吉徹,http://www.81produce.co.jp/list.cgi?man+0112752235050
あぜち守,http://www.81produce.co.jp/list.cgi?man+0124326165830
井口成人,http://www.81produce.co.jp/list.cgi?man+0000004183520
伊崎寿克,http://www.81produce.co.jp/list.cgi?man+0221125221750
石川光太郎,http://www.81produce.co.jp/list.cgi?man+0222119115030
石野竜三,http://www.81produce.co.jp/list.cgi?man+0222458273030
伊東健人,http://www.81produce.co.jp/list.cgi?man+0235031495350
糸博,http://www.81produce.co.jp/list.cgi?man+0235005285220
岩端卓也,http://www.81produce.co.jp/list.cgi?man+0291513131130
植木慎英,http://www.81produce.co.jp/list.cgi?man+030412229504
上田敏也,http://www.81produce.co.jp/list.cgi?man+0304313522710
上西哲平,http://www.81produce.co.jp/list.cgi?man+030442223433
宇垣秀成,http://www.81produce.co.jp/list.cgi?man+0311125234410
内野孝聡,http://www.81produce.co.jp/list.cgi?man+0332453111010
梅津秀行,http://www.81produce.co.jp/list.cgi?man+0364335234730
江口拓也,http://www.81produce.co.jp/list.cgi?man+0413323133710
逢坂力,http://www.81produce.co.jp/list.cgi?man+0503211132110
大倉正章,http://www.81produce.co.jp/list.cgi?man+0505138161210
大竹宏,http://www.81produce.co.jp/list.cgi?man+0505311452850
太田哲治,http://www.81produce.co.jp/list.cgi?man+0505313433510
大林隆介,http://www.81produce.co.jp/list.cgi?man+0505517122820
岡野友佑,http://www.81produce.co.jp/list.cgi?man+0511457303000
小川輝晃,http://www.81produce.co.jp/list.cgi?man+0511913483010
小田柿悠太,http://www.81produce.co.jp/list.cgi?man+0531111273030
樫井笙人,http://www.81produce.co.jp/list.cgi?man+1122022275030
金谷ヒデユキ,http://www.81produce.co.jp/list.cgi?man+1141715234730
金丸淳一,http://www.81produce.co.jp/list.cgi?man+1144618322730
金光宣明,http://www.81produce.co.jp/list.cgi?man+1144623345530
神尾晋一郎,http://www.81produce.co.jp/list.cgi?man+1162052295020
川久保潔,http://www.81produce.co.jp/list.cgi?man+1191135512750
川島得愛,http://www.81produce.co.jp/list.cgi?man+1191226135130
河杉貴志,http://www.81produce.co.jp/list.cgi?man+1191231231110
川野剛稔,http://www.81produce.co.jp/list.cgi?man+1191453114350
川端義明,http://www.81produce.co.jp/list.cgi?man+1191513175220
河本邦弘,http://www.81produce.co.jp/list.cgi?man+1191653513420
木村隼人,http://www.81produce.co.jp/list.cgi?man+1263815171350
ケン・サンダース,http://www.81produce.co.jp/list.cgi?man+1495219531230
玄田哲章,http://www.81produce.co.jp/list.cgi?man+1499313433220
幸田昌明,http://www.81produce.co.jp/list.cgi?man+1503316121010
近衛秀馬,http://www.81produce.co.jp/list.cgi?man+1545042273030
こばたけまさふみ,http://www.81produce.co.jp/list.cgi?man+1551311461210
小林大紀,http://www.81produce.co.jp/list.cgi?man+1551712231020
駒田航,http://www.81produce.co.jp/list.cgi?man+1561319131830
斉藤壮馬,http://www.81produce.co.jp/list.cgi?man+2102350325030
酒井敬幸,http://www.81produce.co.jp/list.cgi?man+2111021402150
坂口候一,http://www.81produce.co.jp/list.cgi?man+2111133215030
酒巻光宏,http://www.81produce.co.jp/list.cgi?man+2111611262330
桜井敏治,http://www.81produce.co.jp/list.cgi?man+2113810235220
佐々木啓夫,http://www.81produce.co.jp/list.cgi?man+2121125285050
佐治和也,http://www.81produce.co.jp/list.cgi?man+2122112371000
佐藤智,http://www.81produce.co.jp/list.cgi?man+2135033565220
佐藤まさよし,http://www.81produce.co.jp/list.cgi?man+2135036121750
地蔵堂武大,http://www.81produce.co.jp/list.cgi?man+2225033503310
柴本浩行,http://www.81produce.co.jp/list.cgi?man+2251653552850
白石兼斗,http://www.81produce.co.jp/list.cgi?man+2281022214950
陣谷遥,http://www.81produce.co.jp/list.cgi?man+2295715183110
鈴木恭輔,http://www.81produce.co.jp/list.cgi?man+2323121275030
鈴木清信,http://www.81produce.co.jp/list.cgi?man+2323121275450
鈴木琢磨,http://www.81produce.co.jp/list.cgi?man+2323123113610
関俊彦,http://www.81produce.co.jp/list.cgi?man+2412352252150
関根宏次,http://www.81produce.co.jp/list.cgi?man+2412441503220
関根信昭,http://www.81produce.co.jp/list.cgi?man+2412444553010
千田光男,http://www.81produce.co.jp/list.cgi?man+2499316233050
相馬幸人,http://www.81produce.co.jp/list.cgi?man+2503617312350
宗矢樹頼,http://www.81produce.co.jp/list.cgi?man+2503712214450
園部啓一,http://www.81produce.co.jp/list.cgi?man+2545541402020
武内駿輔,http://www.81produce.co.jp/list.cgi?man+3114033222730
田尻浩章,http://www.81produce.co.jp/list.cgi?man+3122825285010
多田啓太,http://www.81produce.co.jp/list.cgi?man+3131140231000
田所陽向,http://www.81produce.co.jp/list.cgi?man+3135158552410
田中完,http://www.81produce.co.jp/list.cgi?man+3141111199000
田辺とおる,http://www.81produce.co.jp/list.cgi?man+3141543505830
谷川立紀,http://www.81produce.co.jp/list.cgi?man+3142119182330
谷口祐貴,http://www.81produce.co.jp/list.cgi?man+3142133273030
千葉繁,http://www.81produce.co.jp/list.cgi?man+3251221483000
津久井教生,http://www.81produce.co.jp/list.cgi?man+3313021275030
辻村真人,http://www.81produce.co.jp/list.cgi?man+3322638161520
土田大,http://www.81produce.co.jp/list.cgi?man+3332315285220
土田玲央,http://www.81produce.co.jp/list.cgi?man+3332318405000
坪井智浩,http://www.81produce.co.jp/list.cgi?man+3355023565520
伝坂勉,http://www.81produce.co.jp/list.cgi?man+3499211133350
堂坂晃三,http://www.81produce.co.jp/list.cgi?man+3503211115030
東條達也,http://www.81produce.co.jp/list.cgi?man+350322750331
德石勝大,http://www.81produce.co.jp/list.cgi?man+3513022211330
中尾隆聖,http://www.81produce.co.jp/list.cgi?man+4111058273030
仲木隆司,http://www.81produce.co.jp/list.cgi?man+4111128273030
長沢徹,http://www.81produce.co.jp/list.cgi?man+4111219135050
中島ヨシキ,http://www.81produce.co.jp/list.cgi?man+4111226175220
中村大樹,http://www.81produce.co.jp/list.cgi?man+4111638131020
名取将,http://www.81produce.co.jp/list.cgi?man+4135822323630
並木伸一,http://www.81produce.co.jp/list.cgi?man+4162122299020
仁科洋平,http://www.81produce.co.jp/list.cgi?man+4222417503540
西本理一,http://www.81produce.co.jp/list.cgi?man+4222653582020
西山宏太朗,http://www.81produce.co.jp/list.cgi?man+4222716115030
新田杏樹,http://www.81produce.co.jp/list.cgi?man+4233310195220
橋本晃太朗,http://www.81produce.co.jp/list.cgi?man+5122653515030
長谷徳人,http://www.81produce.co.jp/list.cgi?man+5124458252350
羽多野渉,http://www.81produce.co.jp/list.cgi?man+5131459131830
馬場惇平,http://www.81produce.co.jp/list.cgi?man+515122739554
速水けんたろう,http://www.81produce.co.jp/list.cgi?man+5171621495310
平野俊隆,http://www.81produce.co.jp/list.cgi?man+5281453522310
比留間俊哉,http://www.81produce.co.jp/list.cgi?man+5283612273950
深谷悠,http://www.81produce.co.jp/list.cgi?man+5311717303000
福沢良一,http://www.81produce.co.jp/list.cgi?man+5313219182750
藤井隼,http://www.81produce.co.jp/list.cgi?man+5322025171350
藤本譲,http://www.81produce.co.jp/list.cgi?man+5322653573230
舟津俊雄,http://www.81produce.co.jp/list.cgi?man+5341333522050
細谷カズヨシ,http://www.81produce.co.jp/list.cgi?man+5525711123750
堀勝之祐,http://www.81produce.co.jp/list.cgi?man+5582113345230
堀総士郎,http://www.81produce.co.jp/list.cgi?man+5582250322850
堀本等,http://www.81produce.co.jp/list.cgi?man+5582653552350
蒔村拓哉,http://www.81produce.co.jp/list.cgi?man+6112638131130
松田佑貴,http://www.81produce.co.jp/list.cgi?man+6133317303120
三木眞一郎,http://www.81produce.co.jp/list.cgi?man+6212229902320
三宅健太,http://www.81produce.co.jp/list.cgi?man+6271141499310
三宅貴大,http://www.81produce.co.jp/list.cgi?man+6271143111520
宮田幸季,http://www.81produce.co.jp/list.cgi?man+6271311503120
茂木優,http://www.81produce.co.jp/list.cgi?man+6534126121830
森岡健太郎,http://www.81produce.co.jp/list.cgi?man+658205111495
森田了介,http://www.81produce.co.jp/list.cgi?man+6582318275030
八木光生,http://www.81produce.co.jp/list.cgi?man+7112150324020
山口隆行,http://www.81produce.co.jp/list.cgi?man+7161133231110
山崎健太郎,http://www.81produce.co.jp/list.cgi?man+7161211214950
山本正樹,http://www.81produce.co.jp/list.cgi?man+7161653561210
祐仙勇,http://www.81produce.co.jp/list.cgi?man+7303249502210
米内佑希,http://www.81produce.co.jp/list.cgi?man+7541027303120
ランズベリー・アーサー,http://www.81produce.co.jp/list.cgi?man+8195235482020
若林佑,http://www.81produce.co.jp/list.cgi?man+9111517122730
渡部猛,http://www.81produce.co.jp/list.cgi?man+9131543114220
亀井三郎,http://www.81produce.co.jp/list.cgi?man+1164022153850
小関一,http://www.81produce.co.jp/list.cgi?man+1524125122640
家弓家正,http://www.81produce.co.jp/list.cgi?man+1173620204610
中村秀利,http://www.81produce.co.jp/list.cgi?man+4111638152340
篠原大作,http://www.81produce.co.jp/list.cgi?man+2245518131020
大平透,http://www.81produce.co.jp/list.cgi?man+0505528135050
肝付兼太,http://www.81produce.co.jp/list.cgi?man+1265331211440
藤城裕士,http://www.81produce.co.jp/list.cgi?man+5322228573030
相坂茜奈,http://www.81produce.co.jp/list.cgi?lady+050221110111
青山桐子,http://www.81produce.co.jp/list.cgi?lady+0105716135030
青山吉能,http://www.81produce.co.jp/list.cgi?lady+0105716175220
青山玲菜,http://www.81produce.co.jp/list.cgi?lady+010571618402
赤﨑千夏,http://www.81produce.co.jp/list.cgi?lady+0111211232410
茜屋日海夏,http://www.81produce.co.jp/list.cgi?lady+0111447152620
浅井淑子,http://www.81produce.co.jp/list.cgi?lady+0121027522150
浅田葉子,http://www.81produce.co.jp/list.cgi?lady+0121317503150
朝日奈丸佳,http://www.81produce.co.jp/list.cgi?lady+0121524161350
阿澄佳奈,http://www.81produce.co.jp/list.cgi?lady+0123621141000
厚木那奈美,http://www.81produce.co.jp/list.cgi?lady+0133124141620
天海由梨奈,http://www.81produce.co.jp/list.cgi?lady+016162738241
石井未紗,http://www.81produce.co.jp/list.cgi?lady+0222026221000
石川寛美,http://www.81produce.co.jp/list.cgi?lady+0222119152850
石丸有里子,http://www.81produce.co.jp/list.cgi?lady+0222618373820
石村知子,http://www.81produce.co.jp/list.cgi?lady+0222638135650
伊藤ちゆり,http://www.81produce.co.jp/list.cgi?lady+023503327382
植竹香菜,http://www.81produce.co.jp/list.cgi?lady+0304311411410
上田麗奈,http://www.81produce.co.jp/list.cgi?lady+0304318402410
鵜飼るみ子,http://www.81produce.co.jp/list.cgi?lady+0311028362150
内山茉莉,http://www.81produce.co.jp/list.cgi?lady+0332716161820
永野愛理,http://www.81produce.co.jp/list.cgi?lady+0402450102820
江口菜子,http://www.81produce.co.jp/list.cgi?lady+0413324115000
遠藤さやか,http://www.81produce.co.jp/list.cgi?lady+0495350321710
大井麻利衣,http://www.81produce.co.jp/list.cgi?lady+0505026182040
大久保瑠美,http://www.81produce.co.jp/list.cgi?lady+0505135583620
太田貴子,http://www.81produce.co.jp/list.cgi?lady+0505313111150
荻野葉月,http://www.81produce.co.jp/list.cgi?lady+0512455133120
岡本茉利,http://www.81produce.co.jp/list.cgi?lady+0511653561820
奥野香耶,http://www.81produce.co.jp/list.cgi?lady+0513451171000
尾田木美衣,http://www.81produce.co.jp/list.cgi?lady+0531126204000
小田切優衣,http://www.81produce.co.jp/list.cgi?lady+053112827302
小野寺啓子,http://www.81produce.co.jp/list.cgi?lady+0545348114020
おみむらまゆこ,http://www.81produce.co.jp/list.cgi?lady+0562638161730
織江珠生,http://www.81produce.co.jp/list.cgi?lady+0582043161120
勝生真沙子,http://www.81produce.co.jp/list.cgi?lady+1133126121150
葛城七穂,http://www.81produce.co.jp/list.cgi?lady+1133811241410
加藤英美里,http://www.81produce.co.jp/list.cgi?lady+1135030462820
佳穂成美,http://www.81produce.co.jp/list.cgi?lady+1155418362000
川上ひろみ,http://www.81produce.co.jp/list.cgi?lady+119111625285
川原伶奈,http://www.81produce.co.jp/list.cgi?lady+119151818402
神田理江,http://www.81produce.co.jp/list.cgi?lady+1195318204000
菊池いづみ,http://www.81produce.co.jp/list.cgi?lady+1213320233620
菊地祥子,http://www.81produce.co.jp/list.cgi?lady+1213322275030
菊地貴子,http://www.81produce.co.jp/list.cgi?lady+1213323111150
きのしたゆうこ,http://www.81produce.co.jp/list.cgi?lady+1245223173030
くじら,http://www.81produce.co.jp/list.cgi?lady+1322810000000
久保田未夢,http://www.81produce.co.jp/list.cgi?lady+1355316273000
くまいもとこ,http://www.81produce.co.jp/list.cgi?lady+1361026535150
熊谷ニーナ,http://www.81produce.co.jp/list.cgi?lady+1361110242020
倉田雅世,http://www.81produce.co.jp/list.cgi?lady+1381316121750
神代知衣,http://www.81produce.co.jp/list.cgi?lady+1503228532040
幸田夏穂,http://www.81produce.co.jp/list.cgi?lady+1503311155000
倖月美和,http://www.81produce.co.jp/list.cgi?lady+1503331262910
古賀葵,http://www.81produce.co.jp/list.cgi?lady+1511010502000
越乃奏,http://www.81produce.co.jp/list.cgi?lady+152245114134
古城望,http://www.81produce.co.jp/list.cgi?lady+1522750345250
こたにともこ,http://www.81produce.co.jp/list.cgi?lady+1531423565150
小林希唯,http://www.81produce.co.jp/list.cgi?lady+1551712214020
小林優子,http://www.81produce.co.jp/list.cgi?lady+1551712273030
小宮悦子,http://www.81produce.co.jp/list.cgi?lady+1562710433150
斉藤美菜子,http://www.81produce.co.jp/list.cgi?lady+2102350362410
斉藤祐子,http://www.81produce.co.jp/list.cgi?lady+2102350373030
阪田伊都,http://www.81produce.co.jp/list.cgi?lady+2111310235000
佐久間レイ,http://www.81produce.co.jp/list.cgi?lady+2113618402000
佐々木日菜子,http://www.81produce.co.jp/list.cgi?lady+2121125241150
佐藤麻子,http://www.81produce.co.jp/list.cgi?lady+2135030121150
佐藤なる美,http://www.81produce.co.jp/list.cgi?lady+2135034183620
佐野愛,http://www.81produce.co.jp/list.cgi?lady+2145641362000
下屋則子,http://www.81produce.co.jp/list.cgi?lady+2231714582150
篠原恵美,http://www.81produce.co.jp/list.cgi?lady+2245518104620
柴田由美子,http://www.81produce.co.jp/list.cgi?lady+2251317362150
芝原チヤコ,http://www.81produce.co.jp/list.cgi?lady+2251518132710
澁谷梓希,http://www.81produce.co.jp/list.cgi?lady+2253710123120
清水マリ,http://www.81produce.co.jp/list.cgi?lady+226223618200
城雅子,http://www.81produce.co.jp/list.cgi?lady+2275036121150
白坂道子,http://www.81produce.co.jp/list.cgi?lady+2281211162320
白鳥由里,http://www.81produce.co.jp/list.cgi?lady+2281358273820
杉本みづか,http://www.81produce.co.jp/list.cgi?lady+2312653562330
勝呂美和子,http://www.81produce.co.jp/list.cgi?lady+2313856291150
関山美沙紀,http://www.81produce.co.jp/list.cgi?lady+2412716162210
瀬戸ひかり,http://www.81produce.co.jp/list.cgi?lady+2435521182000
芹澤優,http://www.81produce.co.jp/list.cgi?lady+2482219173030
空見ゆき,http://www.81produce.co.jp/list.cgi?lady+2581627312000
宋俐奈,http://www.81produce.co.jp/list.cgi?lady+0252752295000
高木美佑,http://www.81produce.co.jp/list.cgi?lady+3111126273000
高倉有加,http://www.81produce.co.jp/list.cgi?lady+3111138173110
髙瀨友,http://www.81produce.co.jp/list.cgi?lady+3111247303000
高田千裕,http://www.81produce.co.jp/list.cgi?lady+3111313252850
高田由美,http://www.81produce.co.jp/list.cgi?lady+3111317362000
高橋李依,http://www.81produce.co.jp/list.cgi?lady+3111512282040
高山みなみ,http://www.81produce.co.jp/list.cgi?lady+3111716162410
滝沢久美子,http://www.81produce.co.jp/list.cgi?lady+3112219113620
竹内恵美子,http://www.81produce.co.jp/list.cgi?lady+3114033204620
伊達朱里紗,http://www.81produce.co.jp/list.cgi?lady+3134018221000
田中あいみ,http://www.81produce.co.jp/list.cgi?lady+3141110102620
田中美海,http://www.81produce.co.jp/list.cgi?lady+3141116241620
谷口和花子,http://www.81produce.co.jp/list.cgi?lady+3142133291110
玉木佑和,http://www.81produce.co.jp/list.cgi?lady+316112734100
千々松幸子,http://www.81produce.co.jp/list.cgi?lady+3232613321320
辻香織,http://www.81produce.co.jp/list.cgi?lady+3322110582000
筒美奈子,http://www.81produce.co.jp/list.cgi?lady+3333624115000
恒松あゆみ,http://www.81produce.co.jp/list.cgi?lady+3344613301730
寺谷美香,http://www.81produce.co.jp/list.cgi?lady+3481314262110
寺西はる,http://www.81produce.co.jp/list.cgi?lady+348142225183
巴菁子,http://www.81produce.co.jp/list.cgi?lady+3565042402150
豊口めぐみ,http://www.81produce.co.jp/list.cgi?lady+3575133264130
豊島まさみ,http://www.81produce.co.jp/list.cgi?lady+3575226161210
直木萌美,http://www.81produce.co.jp/list.cgi?lady+4105126504620
中尾友美,http://www.81produce.co.jp/list.cgi?lady+4111053565620
中嶋佳葉,http://www.81produce.co.jp/list.cgi?lady+4111226175030
仲西環,http://www.81produce.co.jp/list.cgi?lady+4111422231610
中村ひろみ,http://www.81produce.co.jp/list.cgi?lady+4111638152850
仲村美沙希,http://www.81produce.co.jp/list.cgi?lady+4111638162210
波岡晶子,http://www.81produce.co.jp/list.cgi?lady+4162051101120
成田紗矢香,http://www.81produce.co.jp/list.cgi?lady+4182312171110
西川葉月,http://www.81produce.co.jp/list.cgi?lady+4222119151330
西村ちなみ,http://www.81produce.co.jp/list.cgi?lady+4222638132410
新田早規,http://www.81produce.co.jp/list.cgi?lady+4233312112000
丹羽紫保里,http://www.81produce.co.jp/list.cgi?lady+4291225582000
根本圭子,http://www.81produce.co.jp/list.cgi?lady+4465351402150
納富ももこ,http://www.81produce.co.jp/list.cgi?lady+4503356265650
野村真弓,http://www.81produce.co.jp/list.cgi?lady+4563816173620
土師亜文,http://www.81produce.co.jp/list.cgi?lady+5122015362000
箸本のぞみ,http://www.81produce.co.jp/list.cgi?lady+5122653545250
長谷美希,http://www.81produce.co.jp/list.cgi?lady+5124621200000
櫨山めぐみ,http://www.81produce.co.jp/list.cgi?lady+5124716164130
服部真季,http://www.81produce.co.jp/list.cgi?lady+5133358261120
馬場澄江,http://www.81produce.co.jp/list.cgi?lady+5151236204000
林鼓子,http://www.81produce.co.jp/list.cgi?lady+5171221515000
林田智恵里,http://www.81produce.co.jp/list.cgi?lady+5171223132040
原紗友里,http://www.81produce.co.jp/list.cgi?lady+5181217382000
原島梢,http://www.81produce.co.jp/list.cgi?lady+5181226115230
春野ななみ,http://www.81produce.co.jp/list.cgi?lady+5183454141620
稗田寧々,http://www.81produce.co.jp/list.cgi?lady+5204314444000
比嘉久美子,http://www.81produce.co.jp/list.cgi?lady+5211136215000
東さおり,http://www.81produce.co.jp/list.cgi?lady+5211222105820
樋口雅子,http://www.81produce.co.jp/list.cgi?lady+5213326121150
久嶋志帆,http://www.81produce.co.jp/list.cgi?lady+5221226122550
兵藤まこ,http://www.81produce.co.jp/list.cgi?lady+5275033503610
弘中くみ子,http://www.81produce.co.jp/list.cgi?lady+5285411113620
深町彩里,http://www.81produce.co.jp/list.cgi?lady+5311613201710
福緒唯,http://www.81produce.co.jp/list.cgi?lady+5313057302000
藤井あさこ,http://www.81produce.co.jp/list.cgi?lady+5322020121150
藤川由紀子,http://www.81produce.co.jp/list.cgi?lady+5322119173120
伏見はる香,http://www.81produce.co.jp/list.cgi?lady+5322625183110
別府なるみ,http://www.81produce.co.jp/list.cgi?lady+5433534183620
星乃葉月,http://www.81produce.co.jp/list.cgi?lady+552245513312
ほなみ,http://www.81produce.co.jp/list.cgi?lady+5541620000000
本泉莉奈,http://www.81produce.co.jp/list.cgi?lady+5595022362820
前田敏子,http://www.81produce.co.jp/list.cgi?lady+6104313522150
牧口真幸,http://www.81produce.co.jp/list.cgi?lady+6112133261730
薪本彩乃,http://www.81produce.co.jp/list.cgi?lady+6112653501710
松岡洋子,http://www.81produce.co.jp/list.cgi?lady+6133051175030
松原美香,http://www.81produce.co.jp/list.cgi?lady+6133518162110
間宮くるみ,http://www.81produce.co.jp/list.cgi?lady+6162711383620
三重野帆貴,http://www.81produce.co.jp/list.cgi?lady+620445553111
三上遥香,http://www.81produce.co.jp/list.cgi?lady+6211625183110
三上由理恵,http://www.81produce.co.jp/list.cgi?lady+6211627382040
水垣洋子,http://www.81produce.co.jp/list.cgi?lady+6223111275030
水野麻里絵,http://www.81produce.co.jp/list.cgi?lady+6223456182040
南早紀,http://www.81produce.co.jp/list.cgi?lady+6241622112000
南波ゆき,http://www.81produce.co.jp/list.cgi?lady+6241627312000
三宅華也,http://www.81produce.co.jp/list.cgi?lady+6271141171000
宮崎羽衣,http://www.81produce.co.jp/list.cgi?lady+6271211203020
向井真理子,http://www.81produce.co.jp/list.cgi?lady+6311026182150
向井莉生,http://www.81produce.co.jp/list.cgi?lady+631102825300
棟方真梨子,http://www.81produce.co.jp/list.cgi?lady+6341113161820
村上はるみ,http://www.81produce.co.jp/list.cgi?lady+6381116251830
望田ひまり,http://www.81produce.co.jp/list.cgi?lady+4111317362000
望月久代,http://www.81produce.co.jp/list.cgi?lady+6532331252210
本美奈子,http://www.81produce.co.jp/list.cgi?lady+6535624115000
森嶋優花,http://www.81produce.co.jp/list.cgi?lady+6582226173030
森千晃,http://www.81produce.co.jp/list.cgi?lady+6582320112000
矢野亜沙美,http://www.81produce.co.jp/list.cgi?lady+7145012162000
藪内裕友実,http://www.81produce.co.jp/list.cgi?lady+7153033273030
山北早紀,http://www.81produce.co.jp/list.cgi?lady+7161123121120
山崎依里奈,http://www.81produce.co.jp/list.cgi?lady+7161211204820
山下七海,http://www.81produce.co.jp/list.cgi?lady+7161223141410
山田栄子,http://www.81produce.co.jp/list.cgi?lady+7161310402150
山田ふしぎ,http://www.81produce.co.jp/list.cgi?lady+7161315322120
山藤桃子,http://www.81produce.co.jp/list.cgi?lady+716153226565
山本麻里安,http://www.81produce.co.jp/list.cgi?lady+7161653561820
悠渚佳代,http://www.81produce.co.jp/list.cgi?lady+7303411211750
ゆきじ,http://www.81produce.co.jp/list.cgi?lady+7312220000000
柚木涼香,http://www.81produce.co.jp/list.cgi?lady+7323128275030
吉岡さくら,http://www.81produce.co.jp/list.cgi?lady+7522051121130
吉岡茉祐,http://www.81produce.co.jp/list.cgi?lady+7522051161730
米澤円,http://www.81produce.co.jp/list.cgi?lady+7544219161350
蘭乃和佳子,http://www.81produce.co.jp/list.cgi?lady+8195459111150
若井友希,http://www.81produce.co.jp/list.cgi?lady+9111027303120
和久田み晴,http://www.81produce.co.jp/list.cgi?lady+9113316251830
渡辺けあき,http://www.81produce.co.jp/list.cgi?lady+913141541401
あきやまるな,http://www.81produce.co.jp/list.cgi?lady+0112716183410
弥永和子,http://www.81produce.co.jp/list.cgi?lady+7141111123150
花形恵子,http://www.81produce.co.jp/list.cgi?lady+5141113114020
松来未祐,http://www.81produce.co.jp/list.cgi?lady+6133126273000
